625100200,GANESH,2002-11-20,CHENNAI,9775766850,12a.ganesh.k.3029@gmail.com,c,101000
625100201,JAMES ROBIN RAJ,2002-05-11,SALEM,9784563210,12a.jamesrobinraj.p.4190@gmail.com,c,80000
625100202,KAMAL HAASAN,2003-02-19,PARAMAKUDI,9563244474,12a.shasankrahul.m.1719@gmail.com,c,75000
625100203,RITHVIK,2002-03-21,DINDUGUL,8745691233,12a.rithvik.g.1679@gmail.com,c,90000
625100204,ULTRALEGEND,2002-11-20,MADURAI,7884563210,ULTRALEGEND@gmail.com,c,65000
625100205,LEGEND,2001-01-10,AAMBUR,6543219787,LEGENDthegreat@gmail.com,c,50000
625100206,NARENDRA MODI,1950-09-15,PORBANDAR,9453289102,iamnarendramodi@gmail.com,C,100000
